{"swagger":"2.0","info":{"title":"The Universal Workshop Service","description":"GoWorkshop is a simple example service that exposes a REST API","contact":{"name":"The GoWorkshop developers","email":"gw@goa.design"},"license":{"name":"The MIT License (MIT)","url":"https://github.com/gophercon/buildingapis/blob/master/LICENSE"},"version":"1.0"},"host":"localhost:8080","schemes":["http"],"consumes":["application/json"],"produces":["application/json"],"paths":{"/api/courses":{"get":{"tags":["course"],"summary":"list course","description":"List all courses\n\n** Required security scopes**:\n","operationId":"course#list","parameters":[{"name":"name","in":"query","description":"Filter by name","required":false,"type":"string"}],"responses":{"200":{"description":"OK","schema":{"$ref":"#/definitions/CourseMediaCollection"}},"401":{"description":"Unauthorized","schema":{"$ref":"#/definitions/Error"}}},"schemes":["http"]},"post":{"tags":["course"],"summary":"create course","description":"Create a new course\n\n** Required security scopes**:\n","operationId":"course#create","parameters":[{"name":"payload","in":"body","description":"CoursePayload is the type used to create courses","required":true,"schema":{"$ref":"#/definitions/CreateCoursePayload"}}],"responses":{"201":{"description":"Created","schema":{"$ref":"#/definitions/CourseMedia"},"headers":{"Location":{"description":"Newly created course href","type":"string","pattern":"/registrations/[0-9]+"}}},"400":{"description":"Bad Request","schema":{"$ref":"#/definitions/Error"}},"401":{"description":"Unauthorized","schema":{"$ref":"#/definitions/Error"}}},"schemes":["http"]}},"/api/courses/{id}":{"get":{"tags":["course"],"summary":"show course","description":"Retrieve a course by ID\n\n** Required security scopes**:\n","operationId":"course#show","parameters":[{"name":"id","in":"path","description":"The course ID","required":true,"type":"integer","minimum":1}],"responses":{"200":{"description":"OK","schema":{"$ref":"#/definitions/CourseMedia"}},"400":{"description":"Bad Request","schema":{"$ref":"#/definitions/Error"}},"401":{"description":"Unauthorized","schema":{"$ref":"#/definitions/Error"}},"404":{"description":"Not Found"}},"schemes":["http"]},"delete":{"tags":["course"],"summary":"delete course","description":"Delete a course\n\n** Required security scopes**:\n","operationId":"course#delete","parameters":[{"name":"id","in":"path","description":"The course ID","required":true,"type":"integer","minimum":1}],"responses":{"204":{"description":"No Content"},"401":{"description":"Unauthorized","schema":{"$ref":"#/definitions/Error"}},"404":{"description":"Not Found"}},"schemes":["http"]},"patch":{"tags":["course"],"summary":"patch course","description":"Update a course using patch semantic\n\n** Required security scopes**:\n","operationId":"course#patch","parameters":[{"name":"id","in":"path","description":"The course ID","required":true,"type":"integer","minimum":1},{"name":"payload","in":"body","description":"CoursePatchPayload is the type used to patch courses","required":true,"schema":{"$ref":"#/definitions/PatchCoursePayload"}}],"responses":{"204":{"description":"No Content"},"400":{"description":"Bad Request","schema":{"$ref":"#/definitions/Error"}},"401":{"description":"Unauthorized","schema":{"$ref":"#/definitions/Error"}},"404":{"description":"Not Found"}},"schemes":["http"]}},"/api/registrations":{"get":{"tags":["registration"],"summary":"list registration","description":"List all registrations\n\n** Required security scopes**:\n","operationId":"registration#list","parameters":[{"name":"course_id","in":"query","description":"Filter by course","required":false,"type":"integer","minimum":1}],"responses":{"200":{"description":"OK","schema":{"$ref":"#/definitions/RegistrationMediaCollection"}},"401":{"description":"Unauthorized","schema":{"$ref":"#/definitions/Error"}}},"schemes":["http"]},"post":{"tags":["registration"],"summary":"create registration","description":"Create a new registration\n\n** Required security scopes**:\n","operationId":"registration#create","parameters":[{"name":"payload","in":"body","description":"RegistrationPayload is the type used to create registrations","required":true,"schema":{"$ref":"#/definitions/CreateRegistrationPayload"}}],"responses":{"201":{"description":"Created","schema":{"$ref":"#/definitions/RegistrationMedia"},"headers":{"Location":{"description":"Newly created registration href","type":"string","pattern":"/registrations/[0-9]+"}}},"400":{"description":"Bad Request","schema":{"$ref":"#/definitions/Error"}},"401":{"description":"Unauthorized","schema":{"$ref":"#/definitions/Error"}}},"schemes":["http"]}},"/api/registrations/{id}":{"get":{"tags":["registration"],"summary":"show registration","description":"Retrieve a registration by ID\n\n** Required security scopes**:\n","operationId":"registration#show","parameters":[{"name":"id","in":"path","description":"The registration ID","required":true,"type":"integer","minimum":1},{"name":"view","in":"query","description":"The view used to render the registration","required":false,"type":"string","enum":["default","extended"]}],"responses":{"200":{"description":"OK","schema":{"$ref":"#/definitions/RegistrationMedia"}},"400":{"description":"Bad Request","schema":{"$ref":"#/definitions/Error"}},"401":{"description":"Unauthorized","schema":{"$ref":"#/definitions/Error"}},"404":{"description":"Not Found"}},"schemes":["http"]},"patch":{"tags":["registration"],"summary":"patch registration","description":"Update a registration using patch semantic\n\n** Required security scopes**:\n","operationId":"registration#patch","parameters":[{"name":"id","in":"path","description":"The registration ID","required":true,"type":"integer","minimum":1},{"name":"payload","in":"body","description":"RegistrationPatchPayload is the type used to patch registrations","required":true,"schema":{"$ref":"#/definitions/PatchRegistrationPayload"}}],"responses":{"204":{"description":"No Content"},"400":{"description":"Bad Request","schema":{"$ref":"#/definitions/Error"}},"401":{"description":"Unauthorized","schema":{"$ref":"#/definitions/Error"}},"404":{"description":"Not Found"}},"schemes":["http"]}},"/api/token":{"get":{"tags":["session"],"summary":"login session","description":"Login uses basic auth and on successful auth returns a JWT in the response \"Authorization\" header","operationId":"session#login","responses":{"204":{"description":"No Content","headers":{"Authorization":{"description":"JWT that can be used to make requests to the registration and course endpoints","type":"string"}}},"401":{"description":"Unauthorized"}},"schemes":["http"],"security":[{"BasicAuth":[]}]}},"/swagger.json":{"get":{"summary":"Download swagger/swagger.json","description":"API Swagger spec in JSON format","operationId":"public#/swagger.json","responses":{"200":{"description":"File downloaded","schema":{"type":"file"}}},"schemes":["http"]}},"/swagger.yaml":{"get":{"summary":"Download swagger/swagger.yaml","description":"API Swagger spec in YAML format","operationId":"public#/swagger.yaml","responses":{"200":{"description":"File downloaded","schema":{"type":"file"}}},"schemes":["http"]}},"/swagger/{file}":{"get":{"summary":"Download public/","description":"Swagger UI","operationId":"public#/swagger/*file","parameters":[{"name":"file","in":"path","description":"Relative file path","required":true,"type":"string"}],"responses":{"200":{"description":"File downloaded","schema":{"type":"file"}},"404":{"description":"File not found","schema":{"$ref":"#/definitions/Error"}}},"schemes":["http"]}}},"definitions":{"Address":{"title":"Address","type":"object","properties":{"city":{"type":"string","description":"City","example":"8u0","minLength":1},"number":{"type":"integer","description":"Street number","example":1,"minimum":1},"state":{"type":"string","description":"US State Code","example":"zx","minLength":2,"maxLength":2},"street":{"type":"string","description":"Street name","example":"1of","minLength":1},"zip":{"type":"integer","description":"US Zip code","example":29093,"minimum":10000,"maximum":99999}},"description":"Address is a street address","required":["number","street","city","state","zip"]},"CourseMedia":{"title":"Mediatype identifier: application/vnd.goworkshop.course+json","type":"object","properties":{"description":{"type":"string","description":"Course description","example":"Voluptas atque."},"end_time":{"type":"string","description":"Course end date/time","example":"1993-06-23T07:55:55-07:00","format":"date-time"},"href":{"type":"string","description":"Course href","example":"Quis non."},"id":{"type":"integer","description":"Course identifier","example":5139529303174126188,"format":"int64"},"location":{"type":"string","description":"Course location","example":"eex","minLength":2},"name":{"type":"string","description":"Course name","example":"dn6fr","minLength":3},"start_time":{"type":"string","description":"Course start date/time","example":"1975-02-01T11:28:31-08:00","format":"date-time"}},"description":"CourseMedia is the media type used to render courses","example":{"description":"Sint consequatur et quo sint.","end_time":"2011-05-03T21:18:55-07:00","href":"Rerum ratione veritatis.","id":4774874584550500537,"location":"Nihil ipsam et sit iure excepturi.","name":"Aut perferendis eveniet eos atque.","start_time":"1995-02-23T04:30:24-08:00"},"required":["id","href","name","start_time","end_time","location"]},"CourseMediaCollection":{"title":"Mediatype identifier: application/vnd.goworkshop.course+json; type=collection","type":"array","items":{"$ref":"#/definitions/CourseMedia"},"example":[{"description":"Et fugiat qui cumque in et pariatur.","end_time":"1979-10-26T03:34:23-07:00","href":"Autem cupiditate repudiandae id nobis incidunt voluptatem.","id":235828111687531596,"location":"Aliquam architecto voluptatum earum quae.","name":"Architecto sint dolorem ipsam ut dolorem laborum.","start_time":"1975-11-13T18:52:33-08:00"},{"description":"Esse quia blanditiis est.","end_time":"2007-07-03T00:50:38-07:00","href":"Sit reiciendis.","id":6507520272783176542,"location":"Dignissimos sed.","name":"Aut est autem et sunt ratione aliquid.","start_time":"1986-12-26T02:22:12-08:00"},{"description":"Consequuntur atque quod corporis ea.","end_time":"1977-10-24T10:09:29-07:00","href":"Ut ut voluptates labore quia doloribus vel.","id":639550915484739759,"location":"Quisquam voluptatem maxime magnam ipsam.","name":"Molestiae odio omnis iste velit omnis aut.","start_time":"1993-02-06T00:50:20-08:00"}]},"CreateCoursePayload":{"title":"CreateCoursePayload","type":"object","properties":{"description":{"type":"string","description":"Course description"},"end_time":{"type":"string","description":"Course end date/time","format":"date-time"},"location":{"type":"string","description":"Course location","minLength":2},"name":{"type":"string","description":"Course name","minLength":3},"start_time":{"type":"string","description":"Course start date/time","format":"date-time"}},"description":"CoursePayload is the type used to create courses","required":["name","start_time","end_time","location"]},"CreateRegistrationPayload":{"title":"CreateRegistrationPayload","type":"object","properties":{"address":{"$ref":"#/definitions/Address"},"course_href":{"type":"string","description":"The href to the course resource that describes the course being taught","pattern":"/courses/[0-9]+"},"first_name":{"type":"string","description":"Attendee first name","minLength":2},"last_name":{"type":"string","description":"Attendee last name","minLength":2}},"description":"RegistrationPayload is the type used to create registrations","required":["course_href","first_name","last_name","address"]},"Error":{"title":"Mediatype identifier: application/vnd.api.error+json","type":"object","properties":{"code":{"type":"string","description":"an application-specific error code, expressed as a string value.","example":"invalid_value"},"detail":{"type":"string","description":"a human-readable explanation specific to this occurrence of the problem.","example":"Value of ID must be an integer"},"id":{"type":"string","description":"a unique identifier for this particular occurrence of the problem.","example":"3F1FKVRR"},"meta":{"type":"object","description":"a meta object containing non-standard meta-information about the error.","example":{"timestamp":1458609066},"additionalProperties":true},"status":{"type":"string","description":"the HTTP status code applicable to this problem, expressed as a string value.","example":"400"}},"description":"Error response media type","example":{"code":"invalid_value","detail":"Value of ID must be an integer","id":"3F1FKVRR","meta":{"timestamp":1458609066},"status":"400"}},"PatchCoursePayload":{"title":"PatchCoursePayload","type":"object","properties":{"description":{"type":"string","description":"Course description"},"end_time":{"type":"string","description":"Course end date/time","format":"date-time"},"location":{"type":"string","description":"Course location","minLength":2},"start_time":{"type":"string","description":"Course start date/time","format":"date-time"}},"description":"CoursePatchPayload is the type used to patch courses"},"PatchRegistrationPayload":{"title":"PatchRegistrationPayload","type":"object","properties":{"address":{"$ref":"#/definitions/Address"},"first_name":{"type":"string","description":"Attendee first name","minLength":2},"last_name":{"type":"string","description":"Attendee last name","minLength":2}},"description":"RegistrationPatchPayload is the type used to patch registrations"},"RegistrationMedia":{"title":"Mediatype identifier: application/vnd.goworkshop.registration+json","type":"object","properties":{"address":{"$ref":"#/definitions/Address"},"course":{"$ref":"#/definitions/CourseMedia"},"first_name":{"type":"string","description":"Attendee first name","example":"awyo","minLength":2},"href":{"type":"string","description":"Registration href","example":"Ratione aut velit vel iure architecto autem."},"id":{"type":"integer","description":"Registration identifier","example":4906379352894303899,"format":"int64"},"last_name":{"type":"string","description":"Attendee last name","example":"nt","minLength":2}},"description":"RegistrationMedia is the media type used to render registrations","example":{"address":{"city":"Dolor neque ipsam ipsum.","number":2752250627403160694,"state":"Nemo dolores quasi sapiente sapiente.","street":"Provident magni sed vel.","zip":1560775452011004871},"course":{"description":"Asperiores mollitia.","end_time":"2016-05-03T03:06:19-07:00","href":"Repudiandae et.","id":1608796326096423002,"location":"Placeat voluptatem et excepturi non qui.","name":"Architecto fugiat vel ut odio.","start_time":"1997-11-08T12:57:23-08:00"},"first_name":"Laboriosam debitis et.","href":"Assumenda et ipsa facilis minima sit.","id":8498036885103904303,"last_name":"Quis ipsa adipisci quisquam natus molestias officia."},"required":["id","href","course","first_name","last_name","address"]},"RegistrationMediaCollection":{"title":"Mediatype identifier: application/vnd.goworkshop.registration+json; type=collection","type":"array","items":{"$ref":"#/definitions/RegistrationMedia"},"example":[{"address":{"city":"Quidem repudiandae iusto ab.","number":707901196430394787,"state":"Vero est vero culpa.","street":"Sed ullam aliquid et voluptate.","zip":7549967646392501610},"course":{"description":"Facilis sunt voluptate repudiandae et provident occaecati.","end_time":"2000-04-17T16:55:20-07:00","href":"Aut enim vel.","id":7812576919179366860,"location":"Aut ipsa et minus.","name":"Vitae in dolore modi praesentium.","start_time":"1973-06-14T23:55:55-07:00"},"first_name":"Eum id ab.","href":"Sequi magnam placeat incidunt architecto rerum sequi.","id":6986899700549515811,"last_name":"Sint et quia."}]}},"responses":{"NoContent":{"description":"No Content"},"NotFound":{"description":"Not Found"},"Unauthorized":{"description":"Unauthorized"}},"securityDefinitions":{"BasicAuth":{"type":"basic","description":"User email and password authentication"},"JWTAuth":{"type":"apiKey","description":"\n\n**Token URL**: http://localhost:8080/token","name":"Authorization","in":"header"}}}