{"swagger":"2.0","info":{"title":"The Universal Workshop Service","description":"GoWorkshop is a simple example service that exposes a REST API","version":""},"host":"localhost:8080","schemes":["http"],"consumes":["application/json","application/xml","application/gob","application/x-gob"],"produces":["application/json","application/xml","application/gob","application/x-gob"],"paths":{"/courses":{"post":{"tags":["course"],"summary":"create course","description":"Create a new course","operationId":"course#create","parameters":[{"name":"payload","in":"body","description":"CoursePayload is the type used to create courses","required":true,"schema":{"$ref":"#/definitions/CreateCoursePayload"}}],"responses":{"201":{"description":"Created","schema":{"$ref":"#/definitions/CourseMedia"},"headers":{"Location":{"description":"Newly created course href","type":"string","pattern":"/registrations/[0-9]+"}}},"400":{"description":"Bad Request","schema":{"$ref":"#/definitions/Error"}}},"schemes":["http"]}},"/courses/{id}":{"get":{"tags":["course"],"summary":"show course","description":"Show a courses","operationId":"course#show","parameters":[{"name":"id","in":"path","description":"The course ID","required":true,"type":"integer","minimum":1}],"responses":{"200":{"description":"OK","schema":{"$ref":"#/definitions/CourseMedia"}},"400":{"description":"Bad Request","schema":{"$ref":"#/definitions/Error"}},"404":{"description":"Not Found"}},"schemes":["http"]},"delete":{"tags":["course"],"summary":"delete course","description":"Delete a course","operationId":"course#delete","parameters":[{"name":"id","in":"path","description":"The course ID","required":true,"type":"integer","minimum":1}],"responses":{"204":{"description":"No Content"},"400":{"description":"Bad Request","schema":{"$ref":"#/definitions/Error"}},"404":{"description":"Not Found"}},"schemes":["http"]}},"/registrations":{"get":{"tags":["registration"],"summary":"list registration","description":"List all registrations","operationId":"registration#list","responses":{"200":{"description":"OK","schema":{"$ref":"#/definitions/RegistrationMediaCollection"}}},"schemes":["http"]},"post":{"tags":["registration"],"summary":"create registration","description":"Create a new registration","operationId":"registration#create","parameters":[{"name":"payload","in":"body","description":"RegistrationPayload is the type used to create registrations","required":true,"schema":{"$ref":"#/definitions/CreateRegistrationPayload"}}],"responses":{"201":{"description":"Created","schema":{"$ref":"#/definitions/RegistrationMedia"},"headers":{"Location":{"description":"Newly created registration href","type":"string","pattern":"/registrations/[0-9]+"}}},"400":{"description":"Bad Request","schema":{"$ref":"#/definitions/Error"}}},"schemes":["http"]}},"/registrations/{id}":{"get":{"tags":["registration"],"summary":"show registration","description":"Show a registration","operationId":"registration#show","parameters":[{"name":"id","in":"path","description":"The registration ID","required":true,"type":"integer","minimum":1}],"responses":{"200":{"description":"OK","schema":{"$ref":"#/definitions/RegistrationMedia"}},"400":{"description":"Bad Request","schema":{"$ref":"#/definitions/Error"}},"404":{"description":"Not Found"}},"schemes":["http"]}}},"definitions":{"Address":{"title":"Address","type":"object","properties":{"city":{"type":"string","description":"City","example":"i0","minLength":1},"number":{"type":"integer","description":"Street number","example":1,"minimum":1},"state":{"type":"string","description":"US State Code","example":"v4","minLength":2,"maxLength":2},"street":{"type":"string","description":"Street name","example":"ved","minLength":1},"zip":{"type":"integer","description":"US Zip code","example":49477,"minimum":10000,"maximum":99999}},"description":"Address is a street address","required":["number","street","city","state","zip"]},"CourseMedia":{"title":"Mediatype identifier: application/vnd.goworkshop.course+json","type":"object","properties":{"description":{"type":"string","description":"Course description","example":"Voluptas atque."},"end_time":{"type":"string","description":"Course end date/time","example":"1993-06-23T07:55:55-07:00","format":"date-time"},"href":{"type":"string","description":"Course href","example":"Quis non."},"id":{"type":"integer","description":"Course identifier","example":5139529303174126188,"format":"int64"},"location":{"type":"string","description":"Course location","example":"eex","minLength":2},"name":{"type":"string","description":"Course name","example":"dn6fr","minLength":3},"start_time":{"type":"string","description":"Course start date/time","example":"1975-02-01T11:28:31-08:00","format":"date-time"}},"description":"CourseMedia is the media type used to render courses","example":{"description":"Sint consequatur et quo sint.","end_time":"2011-05-03T21:18:55-07:00","href":"Rerum ratione veritatis.","id":4774874584550500537,"location":"Nihil ipsam et sit iure excepturi.","name":"Aut perferendis eveniet eos atque.","start_time":"1995-02-23T04:30:24-08:00"},"required":["id","href","name","start_time","end_time","location"]},"CreateCoursePayload":{"title":"CreateCoursePayload","type":"object","properties":{"description":{"type":"string","description":"Course description"},"end_time":{"type":"string","description":"Course end date/time","format":"date-time"},"location":{"type":"string","description":"Course location","minLength":2},"name":{"type":"string","description":"Course name","minLength":3},"start_time":{"type":"string","description":"Course start date/time","format":"date-time"}},"description":"CoursePayload is the type used to create courses","required":["name","start_time","end_time","location"]},"CreateRegistrationPayload":{"title":"CreateRegistrationPayload","type":"object","properties":{"address":{"$ref":"#/definitions/Address"},"course_href":{"type":"string","description":"The href to the course resource that describes the course being taught","pattern":"/courses/[0-9]+"},"first_name":{"type":"string","description":"Attendee first name","minLength":2},"last_name":{"type":"string","description":"Attendee last name","minLength":2}},"description":"RegistrationPayload is the type used to create registrations","required":["course_href","first_name","last_name","address"]},"Error":{"title":"Mediatype identifier: application/vnd.api.error+json","type":"object","properties":{"code":{"type":"string","description":"an application-specific error code, expressed as a string value.","example":"invalid_value"},"detail":{"type":"string","description":"a human-readable explanation specific to this occurrence of the problem.","example":"Value of ID must be an integer"},"id":{"type":"string","description":"a unique identifier for this particular occurrence of the problem.","example":"3F1FKVRR"},"meta":{"type":"object","description":"a meta object containing non-standard meta-information about the error.","example":{"timestamp":1458609066},"additionalProperties":true},"status":{"type":"string","description":"the HTTP status code applicable to this problem, expressed as a string value.","example":"400"}},"description":"Error response media type","example":{"code":"invalid_value","detail":"Value of ID must be an integer","id":"3F1FKVRR","meta":{"timestamp":1458609066},"status":"400"}},"RegistrationMedia":{"title":"Mediatype identifier: application/vnd.goworkshop.registration+json","type":"object","properties":{"address":{"$ref":"#/definitions/Address"},"course":{"$ref":"#/definitions/CourseMedia"},"first_name":{"type":"string","description":"Attendee first name","example":"dt","minLength":2},"href":{"type":"string","description":"Registration href","example":"Blanditiis est perspiciatis et sit."},"id":{"type":"integer","description":"Registration identifier","example":1780684603842407668,"format":"int64"},"last_name":{"type":"string","description":"Attendee last name","example":"co1","minLength":2}},"description":"RegistrationMedia is the media type used to render registrations","example":{"address":{"city":"Aut est autem et sunt ratione aliquid.","number":8727215552956502532,"state":"Consequuntur atque quod corporis ea.","street":"Sequi ut ut voluptates labore quia doloribus.","zip":1776948848724868320},"course":{"description":"Qui quisquam voluptatem maxime magnam ipsam dignissimos.","end_time":"2010-05-06T07:01:36-07:00","href":"Omnis iste velit.","id":3772009169859287826,"location":"Iure enim nisi necessitatibus quod fugiat quidem.","name":"Sit harum minima asperiores qui numquam.","start_time":"1978-03-23T03:23:49-08:00"},"first_name":"Quis eveniet.","href":"Vitae et maiores.","id":4239907855415131491,"last_name":"Suscipit eaque qui."},"required":["id","href","course","first_name","last_name","address"]},"RegistrationMediaCollection":{"title":"Mediatype identifier: application/vnd.goworkshop.registration+json; type=collection","type":"array","items":{"$ref":"#/definitions/RegistrationMedia"},"example":[{"address":{"city":"Dolorem nesciunt repudiandae et rerum a.","number":4281606151248037423,"state":"Et excepturi non qui voluptas architecto.","street":"Vel ut odio maiores mollitia.","zip":5069692866476464822},"course":{"description":"Et ea assumenda et.","end_time":"1977-06-24T04:56:57-07:00","href":"Minima sit eum odit quis ipsa.","id":3769978977316794059,"location":"Natus molestias officia mollitia quos molestiae incidunt.","name":"Iure blanditiis ut.","start_time":"1972-03-09T04:27:55-08:00"},"first_name":"Dolor rem quo voluptatem qui repudiandae.","href":"Eos voluptas enim consequatur.","id":5719574452666642585,"last_name":"Adipisci tempora ut quia quo."},{"address":{"city":"Voluptatum ut velit expedita numquam.","number":3062518197397901197,"state":"Sit delectus.","street":"Delectus ut.","zip":2836680319180701106},"course":{"description":"Maiores sint velit facilis.","end_time":"1970-08-22T11:08:14-07:00","href":"In velit in aliquid est.","id":2870255476602571362,"location":"Facere adipisci sit magni voluptas itaque.","name":"Autem quidem repudiandae iusto.","start_time":"1973-11-02T17:37:29-08:00"},"first_name":"Qui vero est vero culpa nihil sed.","href":"Aliquid et voluptate vitae.","id":2113336431177793583,"last_name":"Sunt voluptate repudiandae et provident occaecati."},{"address":{"city":"Quod aut enim vel magnam debitis aut.","number":733048117249149884,"state":"Minus delectus vitae.","street":"Dolore modi praesentium totam voluptatem eum id.","zip":6519850732711569371},"course":{"description":"Sequi magnam placeat incidunt architecto rerum sequi.","end_time":"1983-03-07T20:30:11-08:00","href":"Sint et quia.","id":5617551410083421156,"location":"Consequatur qui.","name":"At vel voluptatem.","start_time":"1996-04-01T00:40:02-08:00"},"first_name":"Vero maiores magnam.","href":"Error occaecati omnis ipsa.","id":8174625835676177975,"last_name":"Ab rem autem deleniti asperiores nostrum maiores."}]}},"responses":{"NoContent":{"description":"No Content"},"NotFound":{"description":"Not Found"}}}